<?xml version="1.0" encoding="UTF-8"?>
<project-private xmlns="http://www.netbeans.org/ns/project-private/1">
    <editor-bookmarks xmlns="http://www.netbeans.org/ns/editor-bookmarks/2" lastBookmarkId="0"/>
    <open-files xmlns="http://www.netbeans.org/ns/projectui-open-files/2">
        <group>
            <file>file:/C:/Users/vineet/Documents/NetBeansProjects/CRUD/src/java/EditServlet2.java</file>
            <file>file:/C:/Users/vineet/Documents/NetBeansProjects/CRUD/src/java/EditServlet.java</file>
            <file>file:/C:/Users/vineet/Documents/NetBeansProjects/CRUD/src/java/Emp.java</file>
            <file>file:/C:/Users/vineet/Documents/NetBeansProjects/CRUD/src/java/EmpDao.java</file>
            <file>file:/C:/Users/vineet/Documents/NetBeansProjects/CRUD/src/java/SaveServlet.java</file>
            <file>file:/C:/Users/vineet/Documents/NetBeansProjects/CRUD/src/java/ViewServlet.java</file>
            <file>file:/C:/Users/vineet/Documents/NetBeansProjects/CRUD/src/java/DeleteServlet.java</file>
        </group>
    </open-files>
</project-private>
